{"count":1,"self":262.96163839999997,"total":706.865379,"children":{"InitializeActuators":{"count":1,"self":0.0009854,"total":0.0009854,"children":null},"InitializeSensors":{"count":1,"self":0.0020142,"total":0.0020142,"children":null},"AgentSendState":{"count":344301,"self":7.1576128,"total":9.1926043,"children":{"CollectObservations":{"count":68861,"self":0.057243499999999996,"total":0.057243499999999996,"children":null},"WriteActionMask":{"count":68861,"self":0.052740499999999996,"total":0.052740499999999996,"children":null},"RequestDecision":{"count":68861,"self":0.30459749999999997,"total":1.9250071,"children":{"AgentInfo.ToProto":{"count":68861,"self":0.45054479999999997,"total":1.6204096,"children":{"GenerateSensorData":{"count":68861,"self":0.9515132,"total":1.1698648,"children":{"RayPerceptionSensor.Perceive":{"count":68861,"self":0.21835159999999998,"total":0.21835159999999998,"children":null}}}}}}}}},"DecideAction":{"count":344301,"self":343.334272,"total":343.3342728,"children":null},"AgentAct":{"count":344301,"self":91.3473408,"total":91.347342099999992,"children":null},"AgentInfo.ToProto":{"count":827,"self":0.0090224,"total":0.026520799999999997,"children":{"GenerateSensorData":{"count":827,"self":0.0095665,"total":0.0174984,"children":{"RayPerceptionSensor.Perceive":{"count":827,"self":0.0079319,"total":0.0079319,"children":null}}}}}},"gauges":{"Follower.CumulativeReward":{"count":827,"max":-0.6137946,"min":-1.9998,"runningAverage":-1.10931826,"value":-0.9642,"weightedAverage":-1.1462208}},"metadata":{"timer_format_version":"0.1.0","start_time_seconds":"1674728159","unity_version":"2021.3.16f1","command_line_arguments":"C:\\Program Files\\Unity\\Hub\\Editor\\2021.3.16f1\\Editor\\Unity.exe -projectpath C:\\unityML\\mlagent_Driving_AI\\autonomousDriving -useHub -hubIPC -cloudEnvironment production -licensingIpc LicenseClient-MJ -hubSessionId 0a60a740-9c95-11ed-b4d7-b18d9445a97a -accessToken G15510FkOZ3t8Haya8ViLhx2IfsVLat4dMDwv3PvT4Q00df","communication_protocol_version":"1.5.0","com.unity.ml-agents_version":"2.0.1","scene_name":"Follower","end_time_seconds":"1674728865"}}