{"count":1,"self":1303.2312832,"total":2291.6827438,"children":{"InitializeActuators":{"count":1,"self":0.0010165999999999999,"total":0.0010165999999999999,"children":null},"InitializeSensors":{"count":1,"self":0.0010934,"total":0.0010934,"children":null},"AgentSendState":{"count":1072351,"self":11.0909712,"total":16.189175199999998,"children":{"CollectObservations":{"count":214471,"self":0.10695009999999999,"total":0.10695009999999999,"children":null},"WriteActionMask":{"count":214471,"self":0.1216545,"total":0.1216545,"children":null},"RequestDecision":{"count":214471,"self":0.83021919999999994,"total":4.869599,"children":{"AgentInfo.ToProto":{"count":214471,"self":1.1084323,"total":4.0393798,"children":{"GenerateSensorData":{"count":214471,"self":2.4420184,"total":2.9309475,"children":{"RayPerceptionSensor.Perceive":{"count":214471,"self":0.4889291,"total":0.4889291,"children":null}}}}}}}}},"DecideAction":{"count":1072351,"self":965.2977664,"total":965.2977477,"children":null},"AgentAct":{"count":1072351,"self":6.6755784,"total":6.6755784,"children":null},"AgentInfo.ToProto":{"count":10775,"self":0.06934549999999999,"total":0.2868965,"children":{"GenerateSensorData":{"count":10775,"self":0.1679463,"total":0.217551,"children":{"RayPerceptionSensor.Perceive":{"count":10775,"self":0.049604699999999995,"total":0.049604699999999995,"children":null}}}}}},"gauges":{"Follower.CumulativeReward":{"count":10775,"max":-0.9802,"min":-0.9874,"runningAverage":-0.9837066,"value":-0.9834,"weightedAverage":-0.983399868}},"metadata":{"timer_format_version":"0.1.0","start_time_seconds":"1675210864","unity_version":"2021.3.16f1","command_line_arguments":"C:\\Program Files\\Unity\\Hub\\Editor\\2021.3.16f1\\Editor\\Unity.exe -projectpath C:\\unityML\\mlagent_Driving_AI\\autonomousDriving -useHub -hubIPC -cloudEnvironment production -licensingIpc LicenseClient-MJ -hubSessionId eee1bf20-a1c3-11ed-9a28-65b985a0fb58 -accessToken TebHlcxuJzgpq0Sx-E6qmclh43nxrXG1_oA4tHewwa800df","communication_protocol_version":"1.5.0","com.unity.ml-agents_version":"2.0.1","scene_name":"Follower","end_time_seconds":"1675213155"}}