{"count":1,"self":7617.5826944,"total":13246.8095746,"children":{"InitializeActuators":{"count":1,"self":0.0015129,"total":0.0015129,"children":null},"InitializeSensors":{"count":1,"self":0.0005111,"total":0.0005111,"children":null},"AgentSendState":{"count":5552534,"self":90.2233344,"total":124.3357465,"children":{"CollectObservations":{"count":1110507,"self":0.76951949999999991,"total":0.76951949999999991,"children":null},"WriteActionMask":{"count":1110507,"self":0.96688279999999993,"total":0.96688279999999993,"children":null},"RequestDecision":{"count":1110507,"self":5.5723167999999994,"total":32.376008899999995,"children":{"AgentInfo.ToProto":{"count":1110507,"self":7.9516968,"total":26.803692299999998,"children":{"GenerateSensorData":{"count":1110507,"self":15.3485664,"total":18.851995799999997,"children":{"RayPerceptionSensor.Perceive":{"count":1110507,"self":3.5034288,"total":3.5034288,"children":null}}}}}}}}},"DecideAction":{"count":5552534,"self":5461.4552576,"total":5461.455127,"children":null},"AgentAct":{"count":5552534,"self":43.3959872,"total":43.423943799999996,"children":{"AgentInfo.ToProto":{"count":1002,"self":0.0064992,"total":0.027957199999999998,"children":{"GenerateSensorData":{"count":1002,"self":0.0129784,"total":0.021457999999999998,"children":{"RayPerceptionSensor.Perceive":{"count":1002,"self":0.0084796,"total":0.0084796,"children":null}}}}}}},"AgentInfo.ToProto":{"count":548,"self":0,"total":0.0089566,"children":{"GenerateSensorData":{"count":548,"self":0.0049511,"total":0.0089566,"children":{"RayPerceptionSensor.Perceive":{"count":548,"self":0.0040054999999999995,"total":0.0040054999999999995,"children":null}}}}}},"gauges":{"Follower.CumulativeReward":{"count":1550,"max":0.99994123,"min":-1.977403,"runningAverage":-0.324467957,"value":-0.8203981,"weightedAverage":-0.7779397}},"metadata":{"timer_format_version":"0.1.0","start_time_seconds":"1675130450","unity_version":"2021.3.16f1","command_line_arguments":"C:\\Program Files\\Unity\\Hub\\Editor\\2021.3.16f1\\Editor\\Unity.exe -projectpath C:\\unityML\\mlagent_Driving_AI\\autonomousDriving -useHub -hubIPC -cloudEnvironment production -licensingIpc LicenseClient-MJ -hubSessionId 0a60a740-9c95-11ed-b4d7-b18d9445a97a -accessToken fZ-C3fKrWyo3fBiM8PTtBE0IhLYicobpZvQhmhJ0PGc00df","communication_protocol_version":"1.5.0","com.unity.ml-agents_version":"2.0.1","scene_name":"Follower","end_time_seconds":"1675143696"}}